index,actual,predictions,delta
count,503.0,503.0,503.0
mean,332.9490890199574,295.3730472845301,38.83110804775837
std,142.19042295262176,103.79218288834721,41.122125545028176
min,88.64311218261719,91.24602508544922,9.1552734375e-05
25%,213.2828369140625,212.14407348632812,4.682365417480469
50%,313.0673828125,297.259033203125,17.436004638671875
75%,479.56092834472656,400.81871032714844,78.77316284179688
max,595.9400024414062,445.1266174316406,154.7000732421875
