actual,predictions,delta
503.0,503.0,503.0
178.192588760649,179.37419054095835,2.362310648438471
25.978965100639474,26.974768377736897,2.1038920303284
123.85509490966795,123.56714630126953,0.0123443603515625
162.93328857421875,163.12505340576172,0.8802108764648438
177.70068359375,178.90576171875,1.8932342529296875
191.42562103271484,193.0699234008789,3.0871734619140625
234.54852294921878,238.51687622070312,13.7515869140625
