index,actual,predictions,delta
count,503.0,503.0,503.0
mean,178.37140573611552,179.3897433271465,2.2799879343324814
std,26.015117293306673,26.92259797461544,2.0484563703696383
min,123.8551025390625,123.55583953857422,0.015380859375
25%,163.49386596679688,163.49825286865234,0.8399124145507812
50%,177.8101043701172,178.771728515625,1.8211517333984375
75%,191.5515365600586,193.0319061279297,2.9561920166015625
max,234.54852294921872,238.09304809570312,13.421279907226562
