index,actual,predictions,delta
count,503.0,503.0,503.0
mean,178.73182760128682,179.6453408455517,2.294962494321182
std,26.08364944691859,27.14271748375436,2.070632526935449
min,123.85509490966795,123.2783203125,0.01251220703125
25%,163.8262710571289,164.04574584960938,0.8421745300292969
50%,178.0572052001953,178.86566162109375,1.793487548828125
75%,191.74738311767578,193.18184661865234,2.9610748291015625
max,234.54852294921878,238.37127685546875,13.557708740234375
