index,actual,predictions,delta
count,503.0,503.0,503.0
mean,178.73182801081694,179.92212080908106,2.4067514923884454
std,26.083649384365692,27.243105011192736,2.144918879946513
min,123.85508728027342,123.38372039794922,0.004211425781278422
25%,163.82626342773438,164.2599639892578,0.9084625244140483
50%,178.0572052001953,179.12779235839844,1.921142578125
75%,191.74738311767578,193.49683380126953,3.104736328124986
max,234.54852294921878,238.9097137451172,14.0069580078125
