index,actual,predictions,delta
count,503.0,503.0,503.0
mean,17.701227684855223,17.153893575042662,0.5937719401971957
std,3.9390345645354943,3.492449254830465,0.5383137293782269
min,10.097729682922363,10.028498649597168,0.0001983642578125
25%,15.035064697265625,14.8161301612854,0.19892024993896484
50%,17.01456069946289,16.672285079956055,0.41778564453125
75%,20.561599731445312,19.828401565551758,0.8203592300415039
max,27.515295028686523,25.151397705078125,2.761171340942383
