index,actual,predictions,delta
count,503.0,503.0,503.0
mean,178.73182775296465,179.59895756988828,2.238774642792658
std,26.08364945594592,26.97298285071443,2.017023817083773
min,123.85510253906251,123.4347152709961,0.0094757080078125
25%,163.82626342773438,164.119384765625,0.8506011962890625
50%,178.0572052001953,178.86386108398438,1.7772216796875
75%,191.74737548828125,193.08450317382812,2.8574752807617188
max,234.54852294921878,237.82777404785156,13.194778442382812
