index,actual,predictions,delta
count,503.0,503.0,503.0
mean,17.68926345567343,17.141982992411133,0.5930079143516586
std,3.957353569545455,3.5143273327075257,0.5349996454693504
min,10.097728729248047,10.031135559082031,0.0010814666748046875
25%,15.035064220428467,14.814628601074219,0.19744491577148438
50%,17.01456069946289,16.669137954711914,0.4192161560058594
75%,20.561599731445312,19.826281547546387,0.8236045837402344
max,27.515295028686523,25.180625915527344,2.744577407836914
