index,actual,predictions,delta
count,503.0,503.0,503.0
mean,178.73182764679015,179.51957312824712,2.2388486464028357
std,26.083649860084673,27.058485909295776,2.031833361286118
min,123.8551025390625,123.27784729003906,6.103515625e-05
25%,163.82626342773435,163.97594451904297,0.8744888305664205
50%,178.05720520019528,178.7552947998047,1.804061889648466
75%,191.74737548828125,193.02483367919922,2.8853683471679688
max,234.54852294921878,238.02183532714844,13.282928466796875
