index,actual,predictions,delta
count,503.0,503.0,503.0
mean,180.52662628355841,181.6174045509657,2.37474202635748
std,26.6346223754211,27.836763548041795,2.147054162487903
min,123.85508728027344,123.16988372802734,0.00885009765625
25%,165.38656616210938,165.67546844482422,0.8697128295898438
50%,178.9315185546875,179.892822265625,1.840316772460966
75%,192.58628845214844,194.1591033935547,3.0221176147460938
max,236.47999572753906,240.88656616210938,13.868545532226562
