index,actual,predictions,delta
count,503.0,503.0,503.0
mean,344.316777860668,343.87081187193246,3.843808486968813
std,70.23699598756501,70.49911143770134,3.2316770661310104
min,210.6190643310547,210.4100799560547,0.00244140625
25%,283.84251403808594,283.0799255371094,1.2309646606445312
50%,337.288818359375,336.46636962890625,3.11383056640625
75%,411.31825256347656,410.8214569091797,5.458404541015625
max,466.7187805175781,466.3871154785156,19.975006103515625
