index,actual,predictions,delta
count,503.0,503.0,503.0
mean,346.56398289341104,346.5241202625555,3.79366671067346
std,69.53633643345135,69.8688519224729,3.225770637586691
min,210.6190643310547,210.61572265625,0.00030517578125
25%,286.2242889404297,285.79405212402344,1.27532958984375
50%,341.815185546875,340.86236572265625,3.123809814453125
75%,412.50404357910156,412.7683563232422,5.3173065185546875
max,466.7187805175782,467.0191345214844,19.690032958984375
