index,actual,predictions,delta
count,503.0,503.0,503.0
mean,178.73182758611904,179.48681660343118,2.2286252273953933
std,26.083649825121242,27.048417166695717,2.0249551458863033
min,123.85508728027345,123.25973510742188,0.001953125
25%,163.82625579833984,163.94983673095703,0.8591461181640625
50%,178.05718994140625,178.72457885742188,1.810531616210966
75%,191.74737548828125,192.98871612548828,2.8719406127929688
max,234.54852294921872,237.96090698242188,13.232177734375
