index,actual,predictions,delta
count,503.0,503.0,503.0
mean,17.730272065574084,17.202853153524533,0.5756233833419163
std,3.8952841755654655,3.466790635116678,0.5203674469126245
min,10.947070121765137,10.7660493850708,0.0007953643798828125
25%,15.035064220428467,14.818222045898438,0.19375324249267578
50%,17.01456069946289,16.68470573425293,0.40793323516845703
75%,20.561599731445312,19.86387062072754,0.789154052734375
max,27.515295028686523,25.223787307739258,2.6952075958251953
