index,actual,predictions,delta
count,503.0,503.0,503.0
mean,8.864831022429419,9.155036348945815,0.7966291345137488
std,5.763557319973161,5.258752792159882,0.6257490009033071
min,1.6399999856948853,2.9354333877563477,0.0014438629150390625
25%,2.6450001001358032,3.6301093101501465,0.2652764320373535
50%,9.010000228881836,8.927650451660156,0.846858024597168
75%,13.0,12.866986751556396,1.1423585414886475
max,23.190000534057617,22.814212799072266,5.958658218383789
