index,actual,predictions,delta
count,503.0,503.0,503.0
mean,178.7318272827634,179.42256401168186,2.2064296805834926
std,26.0836498922862,27.016804785228572,2.0094196147919843
min,123.85509490966797,123.26093292236328,0.0127105712890625
25%,163.82625579833982,163.90410614013672,0.8619651794433452
50%,178.05722045898435,178.66041564941406,1.808685302734375
75%,191.74738311767578,192.9070816040039,2.8232421875000284
max,234.54852294921878,237.8339080810547,13.118637084960938
